Title,Author,First Publish Year
The Lord of the Rings,J.R.R. Tolkien,1954
Novels (Hobbit / Lord of the Rings),J.R.R. Tolkien,1979
The Lord of the Ring,Phil Anderson,2006
Lord of the Rings,Cedco Publishing,2001
The lord of the rings,Brian Sibley,2001
The Lord of the Rings,Chris Conkling,1979
The Lord of the Rings Trilogy,Cedco Publishing,2004
Lords of the Ring,Bruce Blackadar,1987
The Lord of the Rings,Jane Chance,1992
The Lord of the rings location guidebook,Ian Brodie,2002
J. R. R. Tolkien's The Lord of the Rings,Harold Bloom,2000
Lords of the ring,Harry Lansdown,1991
Lord of the Rings,Edwin Penfold,2019
Lord of the Rings,Elijah Wood,2010
Lord of the Rings,Betsy Gallup,2006
Lord of the Rings,Prima Temp Authors Staff,2004
Lord of the Rings,George Duckett,2016
Lord of the Rings Companion,BookCaps Study Guides Staff,2012
"Lord of the Rings Trivia : the Lord of the Ri
ngs Facts and Quizzes",Taylor MAELEE,2021
"Lord of the Rings Film Facts : Everything for
 the Lord of the Rings Fans",Butcher MARTESHA,2021
The lord of the rings,Jude Fisher,2001
The Lord of the Rings. Appendices,J.R.R. Tolkien,1999
Lord of the Rings,J. R. R. Tolkien,1992
The lord of the rings,Wayne G. Hammond,2005
The Lord of the Rings,Patrick Gardner,2002
Lord of the Rings,Carla Fritsch,2004
Lords of the Ring,Lansdown,1999
Lords of the ring,Peter Corris,1980
Lord of the Ring's,V. K. VIJAY,2021
Lord of the Rings,Various Artists,2002
Lord of the Rings,Nameless,2013
Lord of the Rings Trilogy : the Language,Duncan Scott,2014
Lord of the Rings,Top 50 Facts Staff,2014
Lord of the Rings Roleplay,William Wilson,2014
Lord of the Rings' Metaphors,Rolf Witzsche,2016
Lords of the Ring,Peter Arnold,1998
The lords of the rings,Vyv Simson,1992
The Lord of the Rings,J.R.R. Tolkein,1978
"The Art of the ""Lord of the Rings"" Trilogy (""
Lord of the Rings"")",Gary Russell,2004
Poems from The lord of the rings,J.R.R. Tolkien,1994
Lord of the Rings,Elijah Wood,2011
Lord of the Rings,Insights,2023
The Lord of the Rings,Ian Brodie,2003
The Lord of the Rings,David Brawn,2002
Lord of the Rings Instrumental Solos,Howard Shore,2004
Lord of the Rings Trilogy,Howard Shore,2004
The Lord of the Rings,Brian Sibley,2002
Lord of the Rings Instrumental,Howard Shore,2004
"Lord of the Rings Food Recipes : the Perfect 
Lord of the Rings Party Diet",Jennifer Georgic,2021
The Lord of the Rings - The Two Towers,Alessio Cavatore,2003
Tolkien's The Lord of the Rings,Stratford Caldecott,2008
"Gollum (""Lord of the Rings"")",Andy Serkis,2003
Lord of the Rings,Insight Editions,2019
Lord of the rings,Susan Rosenkranz,1988
The Lord of the Rings,New Line Cinema,2014
Lord of the Rings Sketchbook,Alan Lee,2008
Lord of the Rings 2007,Alan Lee,2006
Lord of the Ring Dings,Stuart Anderson,2013
Lord of the Rings Trilogy,J. R. R. Tolkien,2016
Lord of the Rings Coloring Book,Enjoy Coloring,2020
Lord of the Rings Series,BookCaps Study Guides Staff,2012
Lord of the Rings/the Hobbit,Brendan O'Halloran,2016
"Lord of the Rings Handbook : Everything You N
eed to Know about the Lord of the Rings",West LISA,2021
Lords of the Ring,Doug Moe,2004
Lord of the Rings Sheet Music,Chris J Kranjc,2022
Lord of the Rings Quiz Book,Paul MCCUSKER,2020
Lord of the Rings Coloring Book,Coloring Book,2018
"Lord of the Rings Cocktail : Wonderful Ideas 
You Need Know about Cocktail from Lord of the
 Rings",Hoomes RACHAEL,2021
The Lord of the Rings / The Hobbit,Coles Editorial Board,1979
Understanding The lord of the rings,Rose A. Zimbardo,2004
Finding God in the Lord of the Rings,Kurt Bruner,2003
The Lord of the Rings,Elijah Wood,2010
The Lord of the Rings,Liv Tyler,2002
The Lord of the Rings,Ernest Mathijs,2006
Lord of the Rings,Ernest Mathijs,2006
The Lord Of The Rings TCG,Various,2004
Lord of the ring doughnuts,Stewart Ross,2010
The Lord of the rings online,Michael Searle,2007
Art of the Lord of the Rings,Andrews McMeel Publishing,2005
Lord of the Rings,Chris Smith,2024
The Lord of the Rings and Catholicism,Madeleine Dobrowski,2023
The Lord of the Rings location guidebook,Ian Brodie,2002
"Lord of the Rings Trivia and Fun Facts : How 
Well Do You Know about the Lord of the Rings",Gipson ROBERT,2021
Official the lôrd of the Rîngs 2022 Calendar,The Lord Of The Rings Publishing,2021
"The lord of the rings, J.R.R. Tolkien",Patrick Gardner,2002
